{
  "project_info": {
    "project_number": "250970834315",
    "firebase_url": "https://fir-led-b5b0a.firebaseio.com",
    "project_id": "fir-led-b5b0a",
    "storage_bucket": "fir-led-b5b0a.appspot.com"
  },
  "client": [
    {
      "client_info": {
        "mobilesdk_app_id": "1:250970834315:android:1cb6cf9c51e9ba0cf29b8e",
        "android_client_info": {
          "package_name": "com.example.firebase_led"
        }
      },
      "oauth_client": [
        {
          "client_id": "250970834315-5ja68rfmkp7s1lem0ooeoo29mn7sa7i3.apps.googleusercontent.com",
          "client_type": 1,
          "android_info": {
            "package_name": "com.example.firebase_led",
            "certificate_hash": "20fad3e17150c1a8ec8d8f89b16c56fe708bce5c"
          }
        },
        {
          "client_id": "250970834315-4t3l2a60sjhumpb3a68j83rajh3bqtu9.apps.googleusercontent.com",
          "client_type": 3
        }
      ],
      "api_key": [
        {
          "current_key": "AIzaSyCpnKP2miAncoHqokjk-F00GwlN_MAsjlA"
        }
      ],
      "services": {
        "appinvite_service": {
          "other_platform_oauth_client": [
            {
              "client_id": "250970834315-4t3l2a60sjhumpb3a68j83rajh3bqtu9.apps.googleusercontent.com",
              "client_type": 3
            }
          ]
        }
      }
    }
  ],
  "configuration_version": "1"
}