{
  "project_info": {
    "project_number": "458599488395",
    "firebase_url": "https://finalcloud-9518b.firebaseio.com",
    "project_id": "finalcloud-9518b",
    "storage_bucket": "finalcloud-9518b.appspot.com"
  },
  "client": [
    {
      "client_info": {
        "mobilesdk_app_id": "1:458599488395:android:f0bc01effcb350eb1e2d8e",
        "android_client_info": {
          "package_name": "com.example.FinalCloud"
        }
      },
      "oauth_client": [
        {
          "client_id": "458599488395-gmlm95u8k3ne7ft8pdn3c8tf8s655aq4.apps.googleusercontent.com",
          "client_type": 3
        }
      ],
      "api_key": [
        {
          "current_key": "AIzaSyDtxT_IADHKvNr0D-B6DworC4NT_f46cUI"
        }
      ],
      "services": {
        "appinvite_service": {
          "other_platform_oauth_client": [
            {
              "client_id": "458599488395-gmlm95u8k3ne7ft8pdn3c8tf8s655aq4.apps.googleusercontent.com",
              "client_type": 3
            }
          ]
        }
      }
    }
  ],
  "configuration_version": "1"
}